subreddit,title,selftext,score,num_comments,created_utc,url,clean_text,translated
antiwork,California restaurant fires employee over Charlie Kirk posts on his personal Facebook account,,7823,708,1758031099.0,https://www.the-express.com/lifestyle/food-drink/183945/restaurant-fires-employee-charlie-kirk,,
antiwork,Ex–Google CEO Eric Schmidt warns U.S. tech workers: Competing with China’s grueling 12-hour workdays means sacrificing work-life balance,,4346,482,1758903927.0,https://www.yahoo.com/news/articles/ex-google-ceo-eric-schmidt-161728948.html,,
antiwork,I quit my toxic job and held my ground!,"Just wanted to share because I'm still buzzing from this. My old manager was a nightmare. Micromanaging everything, making snide comments about my work in front of others, and basically treating me like garbage for months.

Last week she pulled me into her office and started going off about some minor mistake. I just looked at her and said ""I'm done. This is my two weeks notice.""

She completely lost it. Started yelling about how I was being unprofessional and that I couldn't just quit like that. Tried guilt tripping me about leaving the team short staffed.

I stayed calm and told her my decision was final. She kept pushing, so I said ""Actually, make that effective immediately"" and walked out.

Been getting texts from coworkers saying she's been scrambling trying to figure out how to cover my workload. Apparently she's been staying late every day this week lol.",3061,70,1758423196.0,https://www.reddit.com/r/antiwork/comments/1nmgwbk/i_quit_my_toxic_job_and_held_my_ground/,just wanted to share because im still buzzing from this my old manager was a nightmare micromanaging everything making snide comments about my work in front of others and basically treating me like garbage for months last week she pulled me into her office and started going off about some minor mistake i just looked at her and said im done this is my two weeks notice she completely lost it started yelling about how i was being unprofessional and that i couldnt just quit like that tried guilt tripping me about leaving the team short staffed i stayed calm and told her my decision was final she kept pushing so i said actually make that effective immediately and walked out been getting texts from coworkers saying shes been scrambling trying to figure out how to cover my workload apparently shes been staying late every day this week lol,just wanted to share because im still buzzing from this my old manager was a nightmare micromanaging everything making snide comments about my work in front of others and basically treating me like garbage for months last week she pulled me into her office and started going off about some minor mistake i just looked at her and said im done this is my two weeks notice she completely lost it started yelling about how i was being unprofessional and that i couldnt just quit like that tried guilt tripping me about leaving the team short staf saya tetap tenang dan mengatakan kepadanya keputusan saya sudah final dia terus mendorong jadi saya katakan sebenarnya membuat itu segera efektif dan berjalan keluar mendapatkan teks dari rekan kerja yang mengatakan dia sedang berebut mencoba mencari cara untuk menutupi beban kerja saya rupanya dia tetap terlambat setiap hari minggu ini lol
antiwork,Annual compliance training suggests that asserting work-life balance boundaries counts as harassment,"Was doing those lengthy compliance training courses that have become a yearly staple, this one was on harassment. They provide video scenarios and we have to identify what level of harassment they fall under. 

Video was shaved down a little bit to be able to upload to Imgur- in the scenario, employee already had an agreement with the company to leave at 5pm on that day of the week, every week, but the manager was asking her to stay late for a project. The apparent “correct answer” as to what level of harassment this was, was “yellow” (moderate). The training’s justification was :

“The employee is critical of the manager for prioritizing work over a personal life.
The employee was emotionally reactive when delivering that message and did not hesitate to negatively judge and disrespect her manager.”

Idk about yall but I don’t see disrespect, emotional reaction, or negative judgement; I saw an employee reasserting her already agreed-upon boundaries and holding her boss accountable to them. ",1473,56,1759570662.0,https://imgur.com/a/2Jaqjug,was doing those lengthy compliance training courses that have become a yearly staple this one was on harassment they provide video scenarios and we have to identify what level of harassment they fall under video was shaved down a little bit to be able to upload to imgur in the scenario employee already had an agreement with the company to leave at pm on that day of the week every week but the manager was asking her to stay late for a project the apparent correct answer as to what level of harassment this was was yellow moderate the trainings justification was the employee is critical of the manager for prioritizing work over a personal life the employee was emotionally reactive when delivering that message and did not hesitate to negatively judge and disrespect her manager idk about yall but i dont see disrespect emotional reaction or negative judgement i saw an employee reasserting her already agreedupon boundaries and holding her boss accountable to them,"melakukan kursus pelatihan kepatuhan yang panjang yang telah menjadi makanan pokok tahunan yang satu ini adalah pelecehan yang mereka berikan skenario video dan kami harus mengidentifikasi tingkat pelecehan yang mereka temui di bawah video dicukur sedikit untuk dapat diunggah dengan baik pada hari ini, apa yang diminta oleh para manajer pada hari itu, tetapi pada saat itu, yang akan ditanyakan oleh para manajer untuk mendapatkan informasi yang akan diunggulkan pada hari itu, tetapi seorang manajer yang akan diunggulkan, tetapi, para manajer yang akan diunggulkan, tetapi, para manajer yang akan diunggulkan, tetapi, para manajer yang akan diunggulkan, tetapi, yang akan ditinggalkan oleh perusahaan itu, tetapi pada hari itu, yang akan diunggah oleh para manajer pada hari itu. was moderate moderate pelatihan pembenaran adalah karyawan yang kritis terhadap manajer untuk memprioritaskan pekerjaan selama kehidupan pribadi yang diproduksi secara emosional ketika menyampaikan pesan itu dan tidak ragu untuk menilai secara negatif dan menghormati manajernya IDK tentang Anda tetapi saya tidak melihat reaksi emosional yang tidak menghormati atau menuntut bosnya, saya melihat seorang karyawan menilai mereka yang sudah disepakati, tetapi hal yang sudah tidak disetujui oleh bosnya yang telah disetujui oleh seorang karyawan yang telah disetujui untuk mereka,"
antiwork,"To celebrate one year of leaving a toxic job, I painted my resignation letter",,1156,18,1758282889.0,https://i.redd.it/53ovhap6q0qf1.jpeg,,
antiwork,US continues to rank last among developed countries in work-life balance in 2025,"There are many factors and measures that contribute to achieving a good work-life balance. This is the full 2025 [Work-Life Balance Ranking](https://upperclasscareer.com/ranking-of-work-life-balance-in-developed-countries-in-2025/). Comparing developed countries, Surprisingly, the US still ranks last among developed countries, even with a slight improvement in the index compared to 2024, reaching 31.17. Does this reflect the reality of most workers and meet expectations?",1025,49,1759257668.0,https://www.reddit.com/r/antiwork/comments/1nulfkv/us_continues_to_rank_last_among_developed/,there are many factors and measures that contribute to achieving a good worklife balance this is the full worklife balance ranking comparing developed countries surprisingly the us still ranks last among developed countries even with a slight improvement in the index compared to reaching does this reflect the reality of most workers and meet expectations,"Ada banyak faktor dan langkah -langkah yang berkontribusi untuk mencapai keseimbangan kehidupan kerja yang baik, ini adalah peringkat keseimbangan kehidupan kerja penuh yang membandingkan negara -negara maju secara mengejutkan AS masih menempati peringkat terakhir di antara negara -negara maju bahkan dengan sedikit peningkatan dalam indeks dibandingkan dengan mencapai apakah ini mencerminkan realitas sebagian besar pekerja dan memenuhi ekspektasi"
antiwork,"Korea’s 4.5-day workweek plan stirs business backlash.  Plan aims to boost work-life balance, but firms fear competitiveness will slip",,875,58,1759188730.0,https://www.koreaherald.com/article/10585955,,
work,People with kids do less work than the rest of us,"I am noticing more and more that people tend to use having children as an excuse to regularly not be able to do things or be available at times that fall within their specified working day.

The amount of times I’ve heard from people ‘I can’t do a call at 9am, I’m dropping the kids off’ etc. Yet their working day is 8.30-5pm? There’s also appointments, phone calls…the list of kid related things that people just do instead of their actual job.

I completely understand sometimes people will need to take time out due to children, and I actually support flexible working. But I feel that more and more people just use it as an excuse and actually spend more time doing things for their kids than actually working. Yet all the people with no kids are constantly available and working much harder than those that do.

I find it frustrating but there isn’t anything you can say as people with children cannot compute that they still need to work and be available just as much as the rest of us.",3057,2376,1758661640.0,https://www.reddit.com/r/work/comments/1notgdl/people_with_kids_do_less_work_than_the_rest_of_us/,i am noticing more and more that people tend to use having children as an excuse to regularly not be able to do things or be available at times that fall within their specified working day the amount of times ive heard from people i cant do a call at am im dropping the kids off etc yet their working day is pm theres also appointments phone callsthe list of kid related things that people just do instead of their actual job i completely understand sometimes people will need to take time out due to children and i actually support flexible working but i feel that more and more people just use it as an excuse and actually spend more time doing things for their kids than actually working yet all the people with no kids are constantly available and working much harder than those that do i find it frustrating but there isnt anything you can say as people with children cannot compute that they still need to work and be available just as much as the rest of us,"Saya semakin memperhatikan bahwa orang cenderung menggunakan anak -anak sebagai alasan untuk secara teratur tidak dapat melakukan hal -hal atau tersedia pada saat -saat yang termasuk dalam hari kerja yang ditentukan, jumlah yang saya dengar dari orang -orang yang saya tidak dapat melakukan panggilan pada anak -anak yang benar -benar membuat anak -anak yang benar -benar harus dilakukan oleh orang -orang yang benar -benar harus dilakukan oleh orang -orang yang harus dilakukan oleh orang -orang yang harus dilakukan oleh orang -orang yang benar -benar harus dilakukan oleh orang -orang yang harus dilakukan oleh orang -orang yang benar -benar harus dilakukan oleh orang -orang yang benar -benar harus dilakukan oleh orang -orang yang benar -benar harus dilakukan oleh orang -orang yang benar -benar. Orang -orang hanya menggunakannya sebagai alasan dan benar -benar menghabiskan lebih banyak waktu untuk melakukan sesuatu untuk anak -anak mereka daripada benar -benar bekerja tetapi semua orang tanpa anak -anak terus -menerus tersedia dan bekerja lebih keras daripada yang saya merasa frustasi tetapi tidak ada yang bisa Anda katakan karena orang dengan anak -anak tidak dapat menghitung bahwa mereka masih perlu bekerja dan tersedia sama seperti semua dari kita semua"
work,"Work-life balance continues to decline in the US, placing it last among developed countries in 2025","There are many factors and measures that contribute to achieving a good work-life balance and the US appears to be lacking in many of them. This is the full 2025 [Work-Life Balance Ranking](https://upperclasscareer.com/ranking-of-work-life-balance-in-developed-countries-in-2025/). Comparing developed countries, US ranks last, with even a slight decrease in the index compared to 2024, reaching 31.17. Does this reflect the reality of most workers and meet expectations?",731,59,1757261517.0,https://www.reddit.com/r/work/comments/1nax9x5/worklife_balance_continues_to_decline_in_the_us/,there are many factors and measures that contribute to achieving a good worklife balance and the us appears to be lacking in many of them this is the full worklife balance ranking comparing developed countries us ranks last with even a slight decrease in the index compared to reaching does this reflect the reality of most workers and meet expectations,"Ada banyak faktor dan langkah -langkah yang berkontribusi untuk mencapai keseimbangan kehidupan kerja yang baik dan AS tampaknya kurang di banyak dari mereka, ini adalah peringkat keseimbangan kehidupan kerja penuh yang membandingkan negara -negara maju yang menempati peringkat terakhir dengan sedikit penurunan indeks dibandingkan dengan mencapai apakah ini mencerminkan realitas sebagian besar pekerja dan memenuhi ekspektasi"
work,I think I have the most toxic job,"I work 6 days a week and there are no designated work hours. Some days you’ll have to wake up and go to work at 6am, some days you’ll have to wait till 9pm to meet a customer. Welcome to the sales side of medical device industry where salesperson are slaves to surgeons and have to suck up to their ego just to hit their unimaginably high target. 

The thing is, the work never stops. There are constant texts and calls even on Sundays. I got a call at 9PM on a Sunday from a team member asking about my availability because I wasn’t responding on text. Well, duh? I was out having dinner and catching up with a friend and didn’t look at my phone. I can’t be available 24/7 man. 

I’m so exhausted by how this industry works. Sure there are good days when the incentive money comes in but that’s about it. Every single person I’ve seen who works here does not have a life beyond work and that REALLY sucks. 

People ask me to make boundaries and while I try to do that sometimes it’s just impossible because the nature of the work is such that you can’t be not available. 

I’m tired and desperate to switch my industry, I’m only worried no one else would hire me because of the niche I’m in. ",11,3,1757269094.0,https://www.reddit.com/r/work/comments/1nb0jt7/i_think_i_have_the_most_toxic_job/,i work days a week and there are no designated work hours some days youll have to wake up and go to work at am some days youll have to wait till pm to meet a customer welcome to the sales side of medical device industry where salesperson are slaves to surgeons and have to suck up to their ego just to hit their unimaginably high target the thing is the work never stops there are constant texts and calls even on sundays i got a call at pm on a sunday from a team member asking about my availability because i wasnt responding on text well duh i was out having dinner and catching up with a friend and didnt look at my phone i cant be available man im so exhausted by how this industry works sure there are good days when the incentive money comes in but thats about it every single person ive seen who works here does not have a life beyond work and that really sucks people ask me to make boundaries and while i try to do that sometimes its just impossible because the nature of the work is such that you cant be not available im tired and desperate to switch my industry im only worried no one else would hire me because of the niche im in,"Saya bekerja beberapa hari seminggu dan tidak ada jam kerja yang ditentukan beberapa hari Anda harus bangun dan pergi bekerja pada hari -hari saya beberapa hari Anda harus menunggu sampai PM untuk bertemu pelanggan selamat datang di sisi penjualan industri perangkat medis di mana tenaga penjualan adalah budak untuk ahli bedah dan harus mengisap teks mereka yang konstan. Karena saya tidak menanggapi teks dengan baik, saya keluar makan malam dan bertemu dengan seorang teman dan tidak melihat telepon saya, saya tidak dapat tersedia, saya begitu lelah dengan bagaimana industri ini bekerja dengan yakin ada hari -hari baik ketika uang insentif masuk tetapi itu saja tentang hal yang tidak dapat saya lakukan yang tidak ada yang tidak ada yang tidak dapat dilakukan oleh orang -orang yang tidak dapat dilakukan oleh orang -orang yang tidak dapat dilakukan oleh orang -orang yang tidak dapat dilakukan dan sementara yang tidak dapat dilakukan oleh orang -orang yang tidak dapat dilakukan dan ketika saya mencoba untuk melakukan hal itu dan ketika saya mencoba melakukan hal itu dan kadang -kadang tidak memiliki pekerjaan dan hal itu benar. putus asa untuk mengganti industri saya, saya hanya khawatir tidak ada orang lain yang akan mempekerjakan saya karena ceruk di dalam"
careerguidance,Anyone leave $100k+/year corporate job paying job to work in restaurant industry?,"I was laid off recently and want to quit the corporate life. I want to pursue a career in food and found a job at a steakhouse. It pays half of what I was making but I definitely feel happier with my work. 

Anyone else do this and how is it going with you financially ? Are you happier?",198,278,1758059834.0,https://www.reddit.com/r/careerguidance/comments/1niv3uc/anyone_leave_100kyear_corporate_job_paying_job_to/,i was laid off recently and want to quit the corporate life i want to pursue a career in food and found a job at a steakhouse it pays half of what i was making but i definitely feel happier with my work anyone else do this and how is it going with you financially are you happier,"Saya diberhentikan baru -baru ini dan ingin keluar dari kehidupan perusahaan yang ingin saya kejar dalam karier di makanan dan menemukan pekerjaan di steakhouse yang membayar setengah dari apa yang saya buat, tetapi saya pasti merasa lebih bahagia dengan pekerjaan saya, orang lain melakukan ini dan bagaimana ini dengan Anda secara finansial, apakah Anda lebih bahagia"
careerguidance,"I'm 27 with no job experience and college degree and no skills, how do I restart?","Yes I'm 27 with no job experience, skills and degree. I'm just living my life in isolation because I think I'm carrying shame guilt fear anxiety and constantly worrying about my life. I just never had a perfect path in life. Because when I was in high school, my family had a stroke so I became caretaker and within few yrs they passed away. I did go school to get GED diploma and enrolled in community college. I even tried working few jobs in fast food because is only thing I could find but I didn't work for too long as extended family relatives kept on judging me saying your very behind in life based on your age plus your not driving which is limiting your opportunities to going college and finding better jobs. The city transportation sucked in my area as there is no buses available. So then I did few classes online for some healthcare program but it didn't go well as the advisor said it's highly competitive. So I felt discouraged and even failed 1 class so I just gave up. Then I worked at retail store night shift but I got fired because of covid absences. I felt extremely scared like what am I gonna say during a next interview if they mention something.

I'm so overwhelmed and hopeless because I have no good track record for jobs. I also don't have any skills and college degree. I'm tired of living in isolation and relying on others. I have lost all the enthusiasm from life. Don't like to buy things or work on myself because it requires money. I don't want to be burden. My parents also passed away recently. Only my older sibling works and I'm feeling extremely bad for sitting in misery. I got suggestions to learn driving fast and just find a nearby job in anything to earn money and slowly figure out what career path or short term certifications maybe i.t. or healthcare or something.",149,50,1759610289.0,https://www.reddit.com/r/careerguidance/comments/1ny4u6d/im_27_with_no_job_experience_and_college_degree/,yes im with no job experience skills and degree im just living my life in isolation because i think im carrying shame guilt fear anxiety and constantly worrying about my life i just never had a perfect path in life because when i was in high school my family had a stroke so i became caretaker and within few yrs they passed away i did go school to get ged diploma and enrolled in community college i even tried working few jobs in fast food because is only thing i could find but i didnt work for too long as extended family relatives kept on judging me saying your very behind in life based on your age plus your not driving which is limiting your opportunities to going college and finding better jobs the city transportation sucked in my area as there is no buses available so then i did few classes online for some healthcare program but it didnt go well as the advisor said its highly competitive so i felt discouraged and even failed class so i just gave up then i worked at retail store night shift but i got fired because of covid absences i felt extremely scared like what am i gonna say during a next interview if they mention something im so overwhelmed and hopeless because i have no good track record for jobs i also dont have any skills and college degree im tired of living in isolation and relying on others i have lost all the enthusiasm from life dont like to buy things or work on myself because it requires money i dont want to be burden my parents also passed away recently only my older sibling works and im feeling extremely bad for sitting in misery i got suggestions to learn driving fast and just find a nearby job in anything to earn money and slowly figure out what career path or short term certifications maybe it or healthcare or something,"Ya, saya tanpa pengalaman dan gelar pengalaman kerja, saya hanya menjalani hidup saya secara terpisah karena saya pikir saya membawa rasa malu rasa rasa rasa takut rasa takut dan terus -menerus mengkhawatirkan hidup saya, saya tidak pernah memiliki jalan yang sempurna dalam hidup karena ketika saya masih di sekolah menengah, keluarga saya memiliki stroke dan saya tidak bisa melakukan pekerjaan di beberapa tahun. Kerabat keluarga besar terus menilai saya mengatakan Anda sangat tertinggal berdasarkan usia Anda ditambah Anda tidak mengemudi yang membatasi kesempatan Anda untuk lulus kuliah dan menemukan pekerjaan yang lebih baik yang diisap oleh transportasi kota di daerah saya karena tidak ada bus yang tersedia sehingga saya melakukan beberapa kelas online untuk beberapa program perawatan kesehatan, tetapi saya tidak bisa pergi ke ritel, saya tidak akan diselidiki dengan baik karena saya tidak bisa diselidiki dengan baik karena saya tidak bisa diselidiki dengan baik, tetapi saya tidak bisa diselidiki dengan baik, tetapi saya tidak bisa diselidiki dengan baik karena saya tidak bisa diselidiki, saya tidak bisa diselesaikan dengan baik, saya tidak bisa diselesaikan dengan baik, saya tidak bisa diselesaikan dengan baik, saya tidak bisa diselesaikan dengan baik, saya tidak bisa diselesaikan dengan baik, saya tidak bisa diselesaikan dengan baik, saya tidak bisa diselesaikan dengan baik, saya tidak bisa diselesaikan dengan baik karena saya merasa sangat kompetitif dan bahkan tidak ada di ritel. Merasa sangat takut seperti apa yang akan saya katakan selama wawancara berikutnya jika mereka menyebutkan sesuatu yang saya sangat kewalahan dan putus asa karena saya tidak memiliki rekam jejak yang baik untuk pekerjaan, saya juga tidak memiliki keterampilan dan gelar kuliah yang saya bosan hidup dalam isolasi dan mengandalkan orang lain, saya tidak ingin melakukan apa -apa yang tidak ada yang disarankan untuk orang yang lebih tua dan bekerja dengan baik karena saya tidak ingin melakukan hal yang lebih tua karena orang tua saya juga tidak ingin melakukan hal yang lebih tua karena orang tua saya juga tidak ingin membeli barang -barang yang lebih tua karena orang tua saya juga tidak ingin membeli sesuatu yang lebih tua karena saya tidak ingin membeli barang -barang yang lebih tua karena saya tidak ingin membeli barang -barang. Dan temukan saja pekerjaan terdekat dalam segala hal untuk mendapatkan uang dan perlahan -lahan mencari tahu jalur karier atau sertifikasi jangka pendek yang mungkin atau perawatan kesehatan atau sesuatu"
careerguidance,What should I do for the rest of my life?,"Guys. I’m 31 and I feel like I completely wasted my degree and my 20s. I have a bachelor’s in international business with a dual minor in Chinese language and Chinese studies. I don’t use it at all anymore.

Instead, I’m stuck at a tech company making $55k a year, doing the most mundane, soul-crushing work imaginable. It’s not challenging, it’s not fulfilling, and honestly it makes me feel like I’m rotting away.

On top of that, $55k doesn’t go far in this economy. I can’t afford a house, I can barely save, and I feel like I’m falling further behind every year. I want to make a career move but I feel paralyzed — like I missed the window in my 20s to build something meaningful and now I’m just stuck grinding away for scraps.

Not to mention it seems like all my friends have 6 figure jobs with multiple houses and I’m just living in the shadows

I don’t know if I’m looking for advice, encouragement, or just to know I’m not the only one in this spot. But if anyone has any ideas or quizzes or aptitudes or sound advice that can help me find a direction, that would be great!",79,48,1757301917.0,https://www.reddit.com/r/careerguidance/comments/1nbd4ky/what_should_i_do_for_the_rest_of_my_life/,guys im and i feel like i completely wasted my degree and my s i have a bachelors in international business with a dual minor in chinese language and chinese studies i dont use it at all anymore instead im stuck at a tech company making k a year doing the most mundane soulcrushing work imaginable its not challenging its not fulfilling and honestly it makes me feel like im rotting away on top of that k doesnt go far in this economy i cant afford a house i can barely save and i feel like im falling further behind every year i want to make a career move but i feel paralyzed like i missed the window in my s to build something meaningful and now im just stuck grinding away for scraps not to mention it seems like all my friends have figure jobs with multiple houses and im just living in the shadows i dont know if im looking for advice encouragement or just to know im not the only one in this spot but if anyone has any ideas or quizzes or aptitudes or sound advice that can help me find a direction that would be great,"Teman -teman im dan saya merasa seperti saya benar -benar menyia -nyiakan gelar saya dan saya saya memiliki seorang bujangan dalam bisnis internasional dengan minor ganda dalam bahasa Cina dan studi Cina, saya tidak menggunakannya sama sekali lagi, malah terjebak di sebuah perusahaan teknologi yang membuat kianing saya dapat melakukan hal yang paling tidak dapat saya simpan di jalan yang tidak dapat saya simpan di mana pun yang tidak dapat saya luput, saya tidak dapat menghemat, saya tidak dapat menghemat, saya tidak bisa menghemat, saya tidak bisa menghemat, saya tidak bisa menghemat, saya tidak bisa menghemat, saya tidak bisa dibalikkan. Tahun saya ingin melakukan karier, tetapi saya merasa lumpuh seperti saya melewatkan jendela di S saya untuk membangun sesuatu yang bermakna dan sekarang saya hanya terjebak untuk memo, belum lagi sepertinya semua teman saya memiliki pekerjaan dengan banyak rumah dan saya hanya tinggal di bayangan saya tidak tahu jika saya mencari nasihat atau hanya untuk mengetahui bahwa saya tidak ada satu -satunya di tempat ini tetapi jika ada ide yang akan ada atau pengembalian nasihat atau hanya untuk mengetahui bahwa saya tidak ada satu -satunya di tempat ini tetapi jika ada ide atau pengujian yang akan ada atau hanya untuk mengetahui bahwa saya tidak akan tahu atau tidak ada nasihat atau tidak ada nasihat yang ada atau tidak ada yang ada di tempat ini atau jika ada ide yang ada atau mengatasinya atau untuk mengatas atau mengatasinya atau hanya untuk mengetahui satu -satunya nasihat ini atau jika ada yang memiliki ide atau pengembalian nasihat atau untuk mengatas atau untuk mengetahui bahwa saya tidak punya nasihat tetapi jika ada ide atau pengujian yang akan ada atau mengatasinya atau hanya untuk mengetahui bahwa saya tidak punya nasihat atau tidak ada nasihat atau tidak ada nasihat yang ada atau tidak ada yang bisa diketahui."
careerguidance,35 year old looking to restart my career. Any suggestions?,I’m 35 years from India who lost everything I had.. worked as US staffing bench sales recruiter for 5years in Hyderabad and during covid left the job to change career but somehow ended up doing trading.. now lost all my savings and additional debt of 25lakhs.. no livelihood.. many staffing not willing to hire as i have almost 5 year gap now.. where do I start.. ?  Appreciate it in advance for your valuable time and suggestions :),70,43,1757728400.0,https://www.reddit.com/r/careerguidance/comments/1nflaho/35_year_old_looking_to_restart_my_career_any/,im years from india who lost everything i had worked as us staffing bench sales recruiter for years in hyderabad and during covid left the job to change career but somehow ended up doing trading now lost all my savings and additional debt of lakhs no livelihood many staffing not willing to hire as i have almost year gap now where do i start appreciate it in advance for your valuable time and suggestions,Saya bertahun -tahun dari India yang kehilangan semua yang telah saya kerjakan sebagai perekrut penjualan bangku kepegawaian AS selama bertahun -tahun di Hyderabad dan selama Covid meninggalkan pekerjaan untuk mengubah karier tetapi entah bagaimana akhirnya melakukan perdagangan sekarang kehilangan semua tabungan saya dan hutang tambahan sekarang di mana saya mulai menghargai di muka untuk katup Anda di muka untuk katup Anda di muka untuk katup Anda yang tidak bersedia karena saya hampir memiliki tahun kesenjangan di mana saya mulai menghargai di muka Anda di muka untuk Valu Anda yang tidak mau mempekerjakan karena saya hampir memiliki tahun kesenjangan di mana saya mulai menghargai di muka Anda di muka untuk Valu Anda yang tidak mau mempekerjakan karena saya hampir memiliki tahun kesenjangan di mana saya mulai menghargai di muka Anda di muka untuk Valu Anda yang tidak mau mempekerjakan karena saya hampir memiliki tahun kesenjangan di mana saya mulai menghargainya di muka untuk Valu Anda yang tidak mau mempekerjakan karena saya hampir memiliki tahun kesenjangan di mana saya mulai menghargai di muka Anda di muka
careerguidance,"I don't want 9-5 life for the rest of my life - I just want to live in nature and explore the world and connect with people and cultures and create, contribute on hands on projects, with people. I am not sure what it looks like exactly yet - how can I do / plan for this?","Has anyone done this? How do I make a exit plan or plan for this...

But I just realized all this corporate ladder is pointless. Dream job is pointless. there is no dream in job that doesn't give u any flexibility   
  
I just finished  doing graphic design internship and looking for new job. but to be honest its filling my with fear, anxiety and terror.   
  
The fear of no job, losing job, no time and energy to do what I want, then dying with regrets. and even the fear of having a job and doing 9-5 forever . and fear of not having money too.. 

But I need more money so I can retire or have savings/ investments to generate passive income. Why is this so hard. But I don't have a high paying job T-T. I find it unethical to sell for the sake of it just to make money and hard. It just feels so wrong.

how did you make a living though? I dont think my asian family will let me... and I won't have a home to come back to.

But im really depr\*ssed tbh... design in corporate is not what I expected.

I just finished graphic design degree and I want to work abroad, travel full time, meet new people connect, explore different cultures, have wonderful friends and relationships and create with people, in business, art, etc. and most importantly be in nature like beach, countryside a lot of the time... and beautiful scenery... not a 9-5 in city... or corporate. Im not exactly sure what its like but not sitting with screens all day, exhausted, pain, tired, and then craving nature all the time.. and having health issues... that I also need money to resolve with...

I see a lot of ppl just living in their van or backpacking etc, or going off grid or growing their own food in farm, etc..

Right now Im looking for new job in design, **but it fills me with dread and anxiety thinking about it... I can't imagine this being my life and career to stick to for the rest of my life until I die. How do you even decide this is what you want to stick with until u die? like** I **have other** interests **but the time and money commitment for another degree scares me and maybe ill end up not wanting to do that industry/ career too..**

but I feel like maybe I have to if I want to have retirement... Also I dont have visa to work or live in Europe or US ... I am scared I will starve when im old and need to retire... Your medical degree and background and savings probably allow you to have a safety net or money and job to fall back into though right...

do you have any advice for those that just graduated and no money/ income or much skills...

I mean those creators of those videos a lot have a lot of YouTube subscribers and can make money from content but what about those that dont?",53,25,1757424476.0,https://www.reddit.com/r/careerguidance/comments/1ncix9k/i_dont_want_95_life_for_the_rest_of_my_life_i/,has anyone done this how do i make a exit plan or plan for this but i just realized all this corporate ladder is pointless dream job is pointless there is no dream in job that doesnt give u any flexibility i just finished doing graphic design internship and looking for new job but to be honest its filling my with fear anxiety and terror the fear of no job losing job no time and energy to do what i want then dying with regrets and even the fear of having a job and doing forever and fear of not having money too but i need more money so i can retire or have savings investments to generate passive income why is this so hard but i dont have a high paying job tt i find it unethical to sell for the sake of it just to make money and hard it just feels so wrong how did you make a living though i dont think my asian family will let me and i wont have a home to come back to but im really deprssed tbh design in corporate is not what i expected i just finished graphic design degree and i want to work abroad travel full time meet new people connect explore different cultures have wonderful friends and relationships and create with people in business art etc and most importantly be in nature like beach countryside a lot of the time and beautiful scenery not a in city or corporate im not exactly sure what its like but not sitting with screens all day exhausted pain tired and then craving nature all the time and having health issues that i also need money to resolve with i see a lot of ppl just living in their van or backpacking etc or going off grid or growing their own food in farm etc right now im looking for new job in design but it fills me with dread and anxiety thinking about it i cant imagine this being my life and career to stick to for the rest of my life until i die how do you even decide this is what you want to stick with until u die like i have other interests but the time and money commitment for another degree scares me and maybe ill end up not wanting to do that industry career too but i feel like maybe i have to if i want to have retirement also i dont have visa to work or live in europe or us i am scared i will starve when im old and need to retire your medical degree and background and savings probably allow you to have a safety net or money and job to fall back into though right do you have any advice for those that just graduated and no money income or much skills i mean those creators of those videos a lot have a lot of youtube subscribers and can make money from content but what about those that dont,"Adakah yang telah melakukan ini bagaimana cara membuat rencana keluar atau rencana untuk ini, tetapi saya baru saja menyadari semua tangga perusahaan ini adalah pekerjaan impian yang tidak ada gunanya tidak ada gunanya tidak ada mimpi dalam pekerjaan yang tidak memberi Anda fleksibilitas yang baru saja saya selesai melakukan magang desain grafis dan mencari pekerjaan baru dan tidak ada yang saya inginkan dengan rasa takut dan teror. Uang juga, tetapi saya membutuhkan lebih banyak uang sehingga saya dapat pensiun atau memiliki investasi tabungan untuk menghasilkan pendapatan pasif mengapa ini begitu sulit tetapi saya tidak memiliki pekerjaan bergaji tinggi sehingga saya merasa tidak etis untuk dijual demi hal -hal yang tidak ada yang tidak bisa saya lakukan dengan baik, apa pun yang Anda lakukan, tetapi saya tidak berpikir bahwa saya tidak akan berpikir bahwa keluarga Asia tidak akan membiarkan saya dan saya tidak akan memiliki rumah yang benar -benar untuk menghidupkan kembali tetapi saya benar -benar mencabut. gelar dan saya ingin bekerja di luar negeri bepergian penuh waktu bertemu orang baru Connect mengeksplorasi budaya yang berbeda memiliki teman dan hubungan yang luar biasa dan menciptakan dengan orang -orang dalam seni bisnis dll dan yang paling penting berada di alam seperti pedesaan pantai yang sering terjadi dengan pemandangan yang indah dengan banyak hal yang saya pikirkan dengan lelah dan kemudian mendambakan alam dan tidak ada masalah kesehatan yang saya lihat di sepanjang hari dengan lelah dan kemudian mendambakan alam sepanjang waktu dan memiliki masalah kesehatan yang saya plop -plow mereka juga perlu ada rasa sakit yang lelah dan mendambakan alam sepanjang waktu dan memiliki masalah kesehatan yang saya plop -plow mereka perlu plop -plow mereka lelah lelah dan kemudian mendambakan alam sepanjang waktu dan memiliki masalah kesehatan yang saya pegang plop mereka sepanjang hari yang lelah lelah dan kemudian mendambakan alam sepanjang waktu dan memiliki masalah kesehatan yang saya tidak perlu ada masalah kesehatan yang saya plop -plow dll atau keluar dari kisi -kisi atau menanam makanan mereka sendiri di pertanian dll sekarang saya sedang mencari pekerjaan baru dalam desain tetapi itu memenuhi saya dengan ketakutan dan kecemasan memikirkan hal itu, saya tidak dapat membayangkan ini adalah kehidupan dan karier saya untuk bertahan selama sisa hidup saya sampai saya mati, bagaimana Anda juga ingin saya tidak ingin melakukannya, tetapi mungkin saya akan melakukannya, tetapi mungkin saya akan melakukannya, tetapi mungkin saya akan melakukannya, tetapi mungkin saya akan melakukannya, tetapi mungkin saya akan melakukannya, tetapi mungkin saya akan melakukannya, tetapi mungkin saya akan melakukannya, tetapi mungkin saya akan melakukannya, tetapi mungkin saya akan melakukannya, tetapi mungkin saya akan melakukannya, tetapi mungkin saya akan melakukannya, tetapi mungkin saya ingin melakukan hal yang lain dan mungkin akan terjadi pada Industri, tetapi mungkin akan terjadi pada Gelar lain dan mungkin akan terjadi pada Gelar lain dan mungkin akan terjadi pada Gelar dan mungkin akan membuat Gelar AKU AKU AKU AKU AKU AKU AKU AKU AKU TUPA KARI AKU TUPA KARI AKU AKU TUT. Untuk pensiun juga saya tidak memiliki visa untuk bekerja atau tinggal di Eropa atau kami saya takut saya akan kelaparan ketika saya sudah tua dan perlu pensiun gelar medis dan latar belakang dan tabungan mungkin memungkinkan Anda untuk memiliki jaring pengaman atau uang dan pekerjaan untuk kembali ke dalam meskipun Anda tidak memiliki nasihat untuk mereka yang baru saja lulus dan tidak ada penghasilan uang atau banyak keterampilan yang saya maksud adalah pembuatnya dari video yang banyak Anda memiliki banyak konten dan banyak orang yang memiliki banyak uang."
productivity,"I commute 35 minutes to work each day, but I finish my tasks in just 30 minutes and spend the rest of the 9-hour shift bored. What are some productive, creative, or even entertaining ways to use that time?","I'm taking online classes, and I write books on my personal laptop. But even those don't take up enough time in my day.

Edit: Okay, thank you to everyone for the great ideas. Here are a few things I’m going to start doing:

- enjoy more audio books
- learn programming
- learn Spanish in preparation for a future vacation to Costa Rica 
- and continue writing my own books

THANK YOU!",474,136,1757342143.0,https://www.reddit.com/r/productivity/comments/1nbpezu/i_commute_35_minutes_to_work_each_day_but_i/,im taking online classes and i write books on my personal laptop but even those dont take up enough time in my day edit okay thank you to everyone for the great ideas here are a few things im going to start doing enjoy more audio books learn programming learn spanish in preparation for a future vacation to costa rica and continue writing my own books thank you,"Saya mengikuti kelas online dan saya menulis buku di laptop pribadi saya tetapi bahkan itu tidak menghabiskan cukup waktu di hari saya mengedit oke terima kasih kepada semua orang untuk ide -ide hebat di sini adalah beberapa hal yang saya akan mulai nikmati lebih banyak buku audio, pelajari pemrograman belajar bahasa Spanyol dalam persiapan untuk liburan masa depan ke Costa Rica dan terus menulis buku saya sendiri, terima kasih, terima kasih, terima kasih, terima kasih, terima kasih, terima kasih, terima kasih, terima kasih, dalam persiapan untuk liburan di masa depan ke Costa Rica dan terus menulis buku saya sendiri, terima kasih, terima kasih, terima kasih, terima kasih, terima kasih, terima kasih, terima kasih, terima kasih, terima kasih."
productivity,Finding it IMPOSSIBLE to work from home,"Hello. I've been REALLY struggling getting any work done ever since I've switched from working at libraries, universities, and coffee shops - to working from home. I'm an animator, and the main reason I'm switching to working at home is because I upgraded from laptop to PC for my animation work (PC is faster + more efficient).

There are SO many distractions at home. Today, for instance - I literally spent about 5 hours ""taking care"" of my bonsai tree during the time I should have spent working. Yesterday, I walked my dog for a couple hours while I should've been working. Other days, I'll waste time doing things like watching tv/videos, cleaning, or just laying on my bed doing nothing but scrolling on my phone. Since my ""office"" is in my room, it's easy for me to tell myself I'll take only a 5 minute break on my phone lying in bed - only for that 5 minutes to turn into hours of wasted time.

Working at home causes me to take my sweet time with EVERYTHING! Making/eating breakfast, walking my dog, simply getting up in the morning, etc. I feel no sense or urgency or pressure to get things done quickly - probably because I'm already in my comfortable home. It's incredibly hard for me to even wake up on time and start working at the designated time I tell myself (8am-4pm). I also feel less energy ever since I stopped going out of the house to work. Another thing that bugs me is how isolating/lonely working from home can feel. I also should mention I have ADHD, which only amplifies all of these problems.

I need serious help guys - before this starts affecting my career!! Any advice you have is greatly appreciated. Thanks.",42,33,1758231556.0,https://www.reddit.com/r/productivity/comments/1nkl7u2/finding_it_impossible_to_work_from_home/,hello ive been really struggling getting any work done ever since ive switched from working at libraries universities and coffee shops to working from home im an animator and the main reason im switching to working at home is because i upgraded from laptop to pc for my animation work pc is faster more efficient there are so many distractions at home today for instance i literally spent about hours taking care of my bonsai tree during the time i should have spent working yesterday i walked my dog for a couple hours while i shouldve been working other days ill waste time doing things like watching tvvideos cleaning or just laying on my bed doing nothing but scrolling on my phone since my office is in my room its easy for me to tell myself ill take only a minute break on my phone lying in bed only for that minutes to turn into hours of wasted time working at home causes me to take my sweet time with everything makingeating breakfast walking my dog simply getting up in the morning etc i feel no sense or urgency or pressure to get things done quickly probably because im already in my comfortable home its incredibly hard for me to even wake up on time and start working at the designated time i tell myself ampm i also feel less energy ever since i stopped going out of the house to work another thing that bugs me is how isolatinglonely working from home can feel i also should mention i have adhd which only amplifies all of these problems i need serious help guys before this starts affecting my career any advice you have is greatly appreciated thanks,"halo saya benar -benar berjuang untuk menyelesaikan pekerjaan apa pun sejak saya beralih dari bekerja di perpustakaan universitas dan kedai kopi untuk bekerja dari rumah saya seorang animator dan alasan utama saya beralih untuk bekerja di rumah adalah karena saya meningkatkan dari laptop ke pc untuk pc saya bekerja untuk beberapa jam kerja yang lebih efisien. Telah bekerja di hari -hari lain sakit membuang waktu melakukan hal -hal seperti menonton pembersihan tvvideos atau hanya berbaring di tempat tidur saya tidak melakukan apa -apa selain menggulir telepon saya karena kantor saya berada di kamar saya, mudah bagi saya untuk mengatakan pada diri saya sendiri, saya hanya akan mengambil istirahat sebentar di telepon saya berbaring di tempat tidur hanya untuk menit -menit yang sudah ada di rumah yang sudah terbuang di rumah. Rumah saya yang nyaman sangat sulit bagi saya untuk bangun tepat waktu dan mulai bekerja pada waktu yang ditentukan saya mengatakan pada diri saya sendiri dan saya juga merasa lebih sedikit energi sejak saya berhenti keluar dari rumah untuk mengerjakan hal lain yang mengganggu saya adalah bagaimana mengisolasi masalah ini, saya juga membutuhkan karier yang harus saya sebutkan, saya telah memengaruhi karier saya yang memiliki karier yang hanya menguatkan semua masalah ini, saya membutuhkan bantuan yang serius sebelum awal ini memengaruhi saya memiliki karier saya memiliki ADHD yang hanya menguatkan semua masalah ini, saya membutuhkan bantuan yang serius sebelum awal ini memengaruhi saya memiliki karier saya memiliki ADHD yang hanya menguatkan semua masalah ini, saya perlu bantuan yang serius sebelum awal ini memengaruhi saya memiliki karier saya memiliki ADHD yang hanya menguatkan semua masalah yang saya butuhkan dengan cara ini."
productivity,What do you think would help you reduce stress at work?,"Don’t say quitting, because we’re all trying to make money and would starve if we didn’t work for a month - I’m laughing out loud while writing this",29,47,1759397631.0,https://www.reddit.com/r/productivity/comments/1nvz6zp/what_do_you_think_would_help_you_reduce_stress_at/,dont say quitting because were all trying to make money and would starve if we didnt work for a month im laughing out loud while writing this,jangan katakan berhenti karena semua mencoba menghasilkan uang dan akan kelaparan jika kita tidak bekerja selama sebulan aku tertawa terbahak -bahak saat menulis ini
productivity,How do you bounce back after a stressful day?,Yesterday was so stressful that I couldn't sleep or focus at any time. How do you reset and start productively the next day?,19,32,1757422454.0,https://www.reddit.com/r/productivity/comments/1nci4gz/how_do_you_bounce_back_after_a_stressful_day/,yesterday was so stressful that i couldnt sleep or focus at any time how do you reset and start productively the next day,Kemarin sangat menegangkan sehingga saya tidak bisa tidur atau fokus kapan saja bagaimana Anda mereset dan mulai secara produktif pada hari berikutnya
productivity,How to ensure work-life balance?,"Hi

I lost my job about six months ago. It was actually a good thing; I started feeling burn-out, stress, overwhelm, and the like. After becoming unemployed, I lost 15 kilograms and got rid of my high blood pressure. I'm now 30 years old. I received a job offer, and for financial reasons, I have to accept it. I'm very worried that this job will overwhelm me mentally. The job will be remote, with the option of working from an office. Can you tell me how to completely detach work from my mind after an eight-hour shift and move on to other responsibilities? I'm a programmer by profession. What does your day look like? How do you de-stress?",17,12,1758444955.0,https://www.reddit.com/r/productivity/comments/1nmn0g5/how_to_ensure_worklife_balance/,hi i lost my job about six months ago it was actually a good thing i started feeling burnout stress overwhelm and the like after becoming unemployed i lost kilograms and got rid of my high blood pressure im now years old i received a job offer and for financial reasons i have to accept it im very worried that this job will overwhelm me mentally the job will be remote with the option of working from an office can you tell me how to completely detach work from my mind after an eighthour shift and move on to other responsibilities im a programmer by profession what does your day look like how do you destress,hai saya kehilangan pekerjaan sekitar enam bulan yang lalu itu sebenarnya adalah hal yang baik saya mulai merasakan stres yang berlebihan dan sejenisnya setelah menjadi pengangguran saya kehilangan kilogram dan menyingkirkan tekanan darah tinggi saya sekarang sudah bertahun -tahun saya menerima tawaran pekerjaan dan karena alasan keuangan saya harus menerimanya. Tanggung jawab lain Saya seorang programmer berdasarkan profesi seperti apa hari Anda terlihat bagaimana Anda destress
mentalhealth,"My psychiatrist fired me over a ""conflict of interest"" because she also sees my sister.","Edit: Apparently I'm just a stupid moron and it's entirely normal and expected for this to happen, and I'm stupid for not having expected it.

Thanks for downvoting all my replies in the comments down to like -30 and tanking the fuck out of my karma. Very cool. ",18,18,1758950859.0,https://www.reddit.com/r/mentalhealth/comments/1nrn315/my_psychiatrist_fired_me_over_a_conflict_of/,edit apparently im just a stupid moron and its entirely normal and expected for this to happen and im stupid for not having expected it thanks for downvoting all my replies in the comments down to like and tanking the fuck out of my karma very cool,Sunting rupanya aku hanya bodoh yang bodoh dan sepenuhnya normal dan diharapkan untuk ini terjadi dan aku bodoh karena tidak mengharapkannya terima kasih telah menurunkan semua balasanku di komentar untuk menyukai dan memadamkan karma saya sangat keren
